Workbook

Sheet raw sales data
A1: ORDER ID | B1: DATE | C1: PRODUCT | D1: CATEGORY | E1: QUANTITY | F1: PRICE | G1: SALESPERSON | H1: CITY
A2: P001 | B2: 46235 | C2: laptop | D2: electronics | E2: 2 | F2: 45000 | G2: Rahul | H2: Delhi
A3: P002 | B3: 46236 | C3: mouse | D3: accessories | E3: 5 | F3: 800 | G3: Priya | H3: Lucknow
A4: P003 | B4: 46237 | C4: keyboard | D4: accessories | E4: 3 | F4: 1500 | G4: Amit | H4: Noida
A5: P004 | B5: 46238 | C5: monitor | D5: electronics | E5: 2 | F5: 12000 | G5: Neha | H5: Delhi
A6: P005 | B6: 46239 | C6: headphones | D6: accessories | E6: 4 | F6: 2500 | G6: Rahul | H6: Mumbai
A7: P006 | B7: 46240 | C7: laptop | D7: electronics | E7: 1 | F7: 52000 | G7: Priya | H7: Noida
A8: P007 | B8: 46241 | C8: mouse | D8: accessories | E8: 8 | F8: 750 | G8: Amit | H8: Lucknow
A9: P008 | B9: 46242 | C9: keyboard | D9: accessories | E9: 4 | F9: 1800 | G9: Neha | H9: Mumbai
A10: P009 | B10: 46243 | C10: monitor | D10: electronics | E10: 3 | F10: 11000 | G10: Rahul | H10: Delhi
A11: P010 | B11: 46244 | C11: headphones | D11: accessories | E11: 6 | F11: 2200 | G11: Priya | H11: Lucknow
A12: P011 | B12: 46245 | C12: laptop | D12: electronics | E12: 2 | F12: 48000 | G12: Amit | H12: Mumbai
A13: P012 | B13: 46246 | C13: mouse | D13: accessories | E13: 10 | F13: 700 | G13: Neha | H13: kanpur
... A31: P030 | B31: 46264 | C31: headphones | D31: accessories | E31: 5 | F31: 2600 | G31: Priya | H31: Mumbai

Sheet salesdata
A1: ORDER ID | B1: DATE | C1: PRODUCT | D1: CATEGORY | E1: QUANTITY | F1: PRICE | G1: SALESPERSON | H1: CITY | I1: TOTAL SALES
A2: P001 | B2: 46235 | C2: laptop | D2: electronics | E2: 2 | F2: 45000 | G2: Rahul | H2: Delhi | I2: =E2*F2 -> 90000
A3: P002 | B3: 46236 | C3: mouse | D3: accessories | E3: 5 | F3: 800 | G3: Priya | H3: Lucknow | I3: =E3*F3 -> 4000
A4: P003 | B4: 46237 | C4: keyboard | D4: accessories | E4: 3 | F4: 1500 | G4: Amit | H4: Noida | I4: =E4*F4 -> 4500
A5: P004 | B5: 46238 | C5: monitor | D5: electronics | E5: 2 | F5: 12000 | G5: Neha | H5: Delhi | I5: =E5*F5 -> 24000
A6: P005 | B6: 46239 | C6: headphones | D6: accessories | E6: 4 | F6: 2500 | G6: Rahul | H6: Mumbai | I6: =E6*F6 -> 10000
A7: P006 | B7: 46240 | C7: laptop | D7: electronics | E7: 1 | F7: 52000 | G7: Priya | H7: Noida | I7: =E7*F7 -> 52000
A8: P007 | B8: 46241 | C8: mouse | D8: accessories | E8: 8 | F8: 750 | G8: Amit | H8: Lucknow | I8: =E8*F8 -> 6000
A9: P008 | B9: 46242 | C9: keyboard | D9: accessories | E9: 4 | F9: 1800 | G9: Neha | H9: Mumbai | I9: =E9*F9 -> 7200
A10: P009 | B10: 46243 | C10: monitor | D10: electronics | E10: 3 | F10: 11000 | G10: Rahul | H10: Delhi | I10: =E10*F10 -> 33000
A11: P010 | B11: 46244 | C11: headphones | D11: accessories | E11: 6 | F11: 2200 | G11: Priya | H11: Lucknow | I11: =E11*F11 -> 13200
A12: P011 | B12: 46245 | C12: laptop | D12: electronics | E12: 2 | F12: 48000 | G12: Amit | H12: Mumbai | I12: =E12*F12 -> 96000
A13: P012 | B13: 46246 | C13: mouse | D13: accessories | E13: 10 | F13: 700 | G13: Neha | H13: kanpur | I13: =E13*F13 -> 7000
... A31: P030 | B31: 46264 | C31: headphones | D31: accessories | E31: 5 | F31: 2600 | G31: Priya | H31: Mumbai | I31: =E31*F31 -> 13000

Sheet summary 
B3: SALES ANALYSIS PROJECT
A6: Metric | B6: Result
A7: Total sales | B7: 835300
A8: Total orders | B8: =COUNTA(salesdata!A2:A31) -> 30
A9: Total quantity sold | B9: =SUM(salesdata!E2:E31) -> 124
A10: Average order value | B10: =AVERAGE(salesdata!I2:I31) -> 27843.333
A11: Highest sale | B11: =MAX(salesdata!I2:I31) -> 138000
A12: Lowest sale | B12: =MIN(salesdata!I2:I31) -> 3400
A17: Salesperson | B17: Total sales
A18: Rahul | B18: =SUMIF(salesdata!G2:G31,A18,salesdata!I2:I31) -> 323250
A19: Priya | B19: =SUMIF(salesdata!G3:G32,A19,salesdata!I3:I32) -> 209950
A20: Amit | B20: =SUMIF(salesdata!G2:G31,"*Amit*",salesdata!I2:I31) -> 148700
A21: Neha | B21: =SUMIF(salesdata!G5:G34,A21,salesdata!I5:I34) -> 153400
